Tech	'Somerset' Bob's Place	http://www.bobkingsley.co.uk/blog/?p=102
Tech	(NOT) Alan Milburn	http://alanmilburn.blogspot.com/
Tech	1000 Schools for 1000 Girls	http://1000schools1000girlscclef.blogspot.co.uk/
Tech	13 Days In May	http://13daysinmay.blogspot.co.uk/
Tech	2012 Watchdog	http://tpa.typepad.com/2012/
Tech	A Life of One's Own	http://alifeofonesown.tumblr.com/
Tech	A Scotsman in Japan	http://www.mestarhanta.com/
Tech	A view from Rural Wales	http://glyn-davies.blogspot.com/
Tech	ACHUKA Children's Books UK	http://www.achuka.co.uk/
Tech	About Mayfair	http://www.aboutmayfair.co.uk/
Tech	Adam Price MP	http://www.adampriceblog.org.uk/
Tech	African Arguments	http://africanarguments.org/
Tech	Age of Uncertainty, The	http://ageofuncertainty.blogspot.com/
Tech	Aine Cassidy - illustration blog	http://www.ainecassidy.blogspot.com/
Tech	Airminded - airpower and British society 1908-1941 (mostly)	http://airminded.org/
Tech	Alan in Belfast	http://alaninbelfast.blogspot.co.uk/
Tech	Alastair Campbell Blog	http://alastair-campbell.blogspot.com/
Tech	All Things Good and Proper	http://www.allthingsgoodandproper.co.uk/
Tech	Allan Shepherd	http://allanshepherd.com/
Tech	Allotment Vegetable Growing	http://www.allotment.org.uk/ 
Tech	Alsatia	http://alsatia.org.uk/site/
Tech	Alun Williams	http://bronglais.blogspot.co.uk/
Tech	Amnesty International UK	http://www.amnesty.org.uk/
Tech	Andy Letcher	http://andy-letcher.blogspot.com/
Tech	Andy Wood's Blog	http://andywoodskeleton.wordpress.com/
Tech	AndyPryke.com	http://www.andypryke.com/
Tech	AndyPryke.com - Influenza Pandemic	http://www.andypryke.com/pub/InfluenzaPandemic/
Tech	Angry Medic, The	http://angrymedic.blogspot.co.uk/
Tech	Anita Sethi	http://www.anitasethi.co.uk/
Tech	Anorak	http://www.anorak.co.uk/
Tech	Anterotesis	http://www.Anterotesis.com/ 
Tech	Anthony Painter	http://www.anthonypainter.co.uk/
Tech	Antoine Tinnion PPC	http://antoine4hexham.blogspot.com/
Tech	Antony Hook	http://antonyhook.wordpress.com/
Tech	Archives and Auteurs	http://archivesandauteurs.blogspot.co.uk/
Tech	Art Space Gallery St Ives blog	http://artspacegallerystives.blogspot.com/
Tech	Art of Fiction, The	http://artoffiction.blogspot.com/
Tech	Ashley Fox	http://www.fox4europe.blogspot.com/
Tech	Athletics Results	http://www.athleticsresults.co.uk/
Tech	Audacity of Pope, The	http://audacityofpope.blogspot.com/
Tech	BBC - Betsan's Blog	http://www.bbc.co.uk/blogs/thereporters/betsanpowys/
Tech	BBC - Blog Vaughan Roderick	http://www.bbc.co.uk/blogs/thereporters/vaughanroderick/
Tech	BBC - David Cornock's blog	http://www.bbc.co.uk/blogs/davidcornock/
Tech	BBC Blogs: Bradley's Blog	http://www.bbc.co.uk/blogs/bradleyblog/
Tech	BBC Blogs: Nick Robinson's Newslog	http://www.bbc.co.uk/blogs/nickrobinson/
Tech	BBC Blogs: Peston's Picks	http://www.bbc.co.uk/blogs/thereporters/robertpeston/
Tech	BBC Blogs: Stuart Bailie	http://www.bbc.co.uk/blogs/stuartbailie/
Tech	BBC Blogs: The Devenport Diaries	http://www.bbc.co.uk/blogs/thereporters/markdevenport/
Tech	BBC Blogs: Will & Testament - William Crawley's Blog	http://www.bbc.co.uk/blogs/ni/
Tech	BBC News: Mark Mardell's Euroblog - What does Libertas really want?	http://www.bbc.co.uk/blogs/thereporters/markmardell/2009/03/libertas.html
Tech	BMJ Group Blogs: Pandemic Flu	http://pandemicflu.bmj.com/
Tech	BNP Chronicle, The: BNP Euro Elections Campaign Leaflets	http://www.bnp-chronicle.com/2009/01/bnp-euro-elections-campaign-leaflets.html
Tech	Bad Science	http://www.badscience.net/
Tech	Bad Science (Pandemic Flu Collection)	http://www.badscience.net/
Tech	Banbury Quakers	http://banburyquakers.blogspot.com/
Tech	Banditry	http://www.johnband.org/blog/
Tech	Banking Guide	http://www.banking-guide.org.uk/
Tech	Baroness Uddin	http://www.baronessuddin.com/
Tech	Baroque in Hackney	http://www.baroqueinhackney.com/
Tech	Beanbags and Bullsh!t - David Floyd's adventures in social enterprise	http://beanbagsandbullsh1t.wordpress.com/
Tech	Bear Alley	http://bearalley.blogspot.com/
Tech	Bedside Crow, The	http://booksellercrow.typepad.com/
Tech	Bee Lavender	http://www.foment.net/
Tech	Beeston Quakers	http://beestonquakers.blogspot.com/
Tech	Beyond the Hedge	http://ingridhedged.wordpress.com/
Tech	Beyond the Human Eye	http://beyondthehumaneye.blogspot.co.uk/
Tech	Bibliophilic Blogger, The	http://www.bibliophilicblogger.blogspot.co.uk/
Tech	Biblioteko Butler	http://biblbut.wordpress.com/
Tech	Bidisha	http://bidisha-online.blogspot.co.uk/
Tech	Big Bum Jumble	http://www.bigbumjumble.blogspot.com/
Tech	Bill's Blog	http://billwaldenjones.blogspot.co.uk/
Tech	Black British Lesbian Timeline	http://blackbritishlesbian.typepad.com/
Tech	Blind Veterans UK blog	http://www.blindveteransblog.org.uk/
Tech	Blog A Penguin Classic	http://www.blogapenguinclassic.com/
Tech	Blog Banw	http://blogbanw.blogspot.com/
Tech	Blog Llyfrgell Genedlaethol Cymru	The National Library of Wales Blog
Tech	Blog Mabon	Ymgeisydd Plaid Cymru De Clwyd
Tech	Blog of Dave Cole, The	http://davecole.org/blog/
Tech	Blog of Graeme Smith, Liberal Democrat PPC, Loughborough	http://luffbralibdem.blogspot.com/
Tech	Blog of Kevin Davis, Conservative Parliamentary Candidate, Kingston and Surbition	http://kevindavis.blogspot.com/
Tech	Bloggerheads	http://www.bloggerheads.com/
Tech	Blogging IT and EDucation	http://dukee.myweb.port.ac.uk/
Tech	Blood & Treasure	http://bloodandtreasure.typepad.com/
Tech	Bookbag, The	http://www.thebookbag.co.uk/
Tech	Boris Johnson	http://www.boris-johnson.com/
Tech	Brave New World	http://bookseller-association.blogspot.co.uk/
Tech	Bray's Duckhouse Blog	http://julianbrayrecessionbuster07944217476.blogspot.co.uk/
Tech	Breastfeeding Mums Blog	http://breastfeedingmums.typepad.com/
Tech	Brian Barder's Website	http://www.barder.com/
Tech	Brian Moore's Head	http://brianmooreshead.wordpress.com/
Tech	Bring back the bliss	http://blissglutenfree.blogspot.com/
Tech	Bringing up Charlie	http://www.bringingupcharlie.co.uk/
Tech	Bristol Anarchist Federation	http://bristolaf.wordpress.com/
Tech	Britain Yearly Meeting 2007	http://britainyearlymeeting.blogspot.com/
Tech	British Library Blogs	http://www.bl.uk/blogs/
Tech	British Library Blogs: Some gratuitous Christmas illustrations	http://britishlibrary.typepad.co.uk/english-and-drama/2012/12/some-gratuitous-christmas-illustrations.html
Tech	British Library Blogs: Sweeney Todd - a heart warming tale?	http://britishlibrary.typepad.co.uk/english-and-drama/2012/05/sweeney-todd-a-heart-warming-tale.html
Tech	British Library Blogs: UK Web Archive	http://britishlibrary.typepad.co.uk/webarchive/
Tech	British Library on Twitter	http://twitter.com/britishlibrary/
Tech	British Politics and Policy at LSE	http://blogs.lse.ac.uk/politicsandpolicy/
Tech	Broadband Guide	http://www.broadband-guide.org.uk/
Tech	BronteBlog	http://bronteblog.blogspot.com/
Tech	Broxbourne White Water Canoe Centre	http://broxbournewhitewatercanoecentre.co.uk/
Tech	Brummie Blogs	http://www.brummieblogs.com/
Tech	Bryan Appleyard	http://www.bryanappleyard.com/
Tech	Bubb's Blog	http://bloggerbubb.blogspot.com/
Tech	Burning Our Money	http://burningourmoney.blogspot.co.uk/
Tech	Bury Art Museum Objects	http://buryartmuseum.com/
Tech	Busdriving	http://busdriving.blogspot.com/
Tech	Business Opportunities and Ideas	http://www.businessopportunitiesandideas.com/
Tech	Business of Fashion, The	http://www.businessoffashion.com/
Tech	Byrne Baby Byrne	http://byrnebabybyrne.com/
Tech	Cabinet of Curiosities	http://cabinetofcuriosities-greenfingers.blogspot.co.uk/
Tech	Cambridge Literary Review	http://www.cambridgeliteraryreview.org/
Tech	Car Insurance Guide	http://www.carinsuranceguide.org.uk/
Tech	Cardiff Bird Ringers	http://cardiffringers.blogspot.com/
Tech	Caredig I Natur (CIN)	http://caredig.blogspot.co.uk/
Tech	Carolyn Trant & Parvenu Press	http://carolyntrantparvenu.blogspot.co.uk/
Tech	Carrie Etter	http://carrieetter.blogspot.co.uk/
Tech	Cate Taylor for MEP	http://catetaylorformep.blogspot.com/
Tech	Ceredigion Birds	http://ceredigionbirds33.blogspot.com/
Tech	Change & Internal Communications	http://blogs.hillandknowlton.com/blogs/davidferrabee/
Tech	Charlotte Cooper	http://www.charlottecooper.net/
Tech	Chelmsford Against the Cuts	http://chelmsfordagainstcuts.wordpress.com/
Tech	Chiswickite - formerly The Croydonian	http://croydonian.blogspot.com/
Tech	Chris Joseph	http://www.chrisjoseph.org/
Tech	Chris Lintott's Universe	http://chrislintott.net/
Tech	Chrissy Williams	http://chrissywilliams.blogspot.com/
Tech	Chromasia	http://www.chromasia.com/
Tech	City of Sound	http://www.cityofsound.com/
Tech	Clapton Pond Blog	http://davehill.typepad.com/claptonian/
Tech	Climate Change Action	http://climatechangeaction.blogspot.co.uk/
Tech	Cloud of Data, The	http://cloudofdata.com/
Tech	Co-op Store Pictures	http://www.co-opstorepics.blogspot.co.uk/
Tech	Colour of Money Blog	http://www.whereonearthgroup.com/blog/
Tech	Colwich Novitiate - A glimpse into the life of a Benedictine novitiate	http://colwichnov.wordpress.com/
Tech	Common Reader, A	http://acommonreader.org/
Tech	Concealed, Discovered, Revealed - The weblog of Sue Lawty artist and weaver	http://www.vam.ac.uk/vastatic/microsites/1395_lawty/wordpress/
Tech	Conservative Home	http://www.conservativehome.com/
Tech	Conservative Home Blog	http://conservativehome.blogs.com/
Tech	Corridor, The (a cricket blog)	http://www.cricket.mailliw.com/
Tech	Cranmer	http://archbishop-cranmer.blogspot.com/
Tech	Creative Review Blog: London 2012 - well, at least it doesn't have Big Ben on it	http://www.creativereview.co.uk/cr-blog/2007/june/london-2012-well-at-least-it-doesnt-have-big-ben-on-it
Tech	Credit Card Guide	http://www.creditcard-guide.org.uk/
Tech	Credit Crunch Blog	http://www.creditcrunch-uk.org.uk/
Tech	CreditCrunch.co.uk	http://www.creditcrunch.co.uk/
Tech	Criminal Letters	http://criminalletters.blogspot.com/
Tech	Cruwys News - The day-to-day activities of the Cruwys/Cruse one-name study	http://cruwys.blogspot.co.uk/
Tech	Cubicgarden.com - The thoughts and ideas of a dyslexic designer/developer	http://www.cubicgarden.com/
Tech	Cumbrian War Memorials	http://cumbrianwarmemorials.blogspot.co.uk/
Tech	Curiously Strong	http://ianpatterson.typepad.com/curiously_strong/
Tech	Curling Today	http://curlingtoday.blogspot.com/
Tech	Current Awareness	http://innertemplelibrary.wordpress.com/
Tech	Cycling Edinburgh Info	http://www.cyclingedinburgh.info/
Tech	Cymdeithas Twmbarlwm Society	http://cymdeithastwmbarlwm.blogspot.co.uk/?view=
Tech	DC Blog	http://david-crystal.blogspot.com/
Tech	DC's Improbable Science	http://www.dcscience.net/
Tech	Dalston Oxfam Shop Blog	http://dalstonoxfamshop.blogspot.com/
Tech	Damp Flat Books Blog	http://dampflat.blogspot.com/
Tech	Dan Karran	http://www.dankarran.com/
Tech	Dan Roberts	http://danroberts.com/
Tech	Dan in Warwickshire	http://daninwarwickshire.blogspot.com/
Tech	Dave's Part	http://www.davidosler.com/
Tech	David Cadman	http://www.davidcadman.net/
Tech	David Cameron [by R. Sobati]	http://www.davidcameron.com/
Tech	David Smith's EconomicsUK.com	http://www.economicsuk.com/blog/
Tech	DeDomenici Blog	http://www.dedomenici.blogspot.co.uk/
Tech	Debbi.L's 2012 Blog - culture, olympics, northwest	http://debbilander2012.wordpress.com/
Tech	Debt and Credit Crunch	http://www.debtcrunch.co.uk/
Tech	Deconstructive Wasteland	http://deconstructivewasteland.blogspot.com/
Tech	Delicious Industries	http://www.deliciousindustries.blogspot.com/
Tech	Demos	http://www.demos.co.uk/
Tech	Derby Welsh Learners Circle	http://derbywelshlearnerscircle.blogspot.com/
Tech	Design and Society	http://spy.typepad.com/
Tech	Dexerous Diva, The	http://dexterousdiva.co.uk/
Tech	Diary of Injustice in Scotland by Peter Cherbi, A	http://petercherbi.blogspot.com/
Tech	Different Shades of Green	http://differentshadesofgreen.blogspot.com/
Tech	Digital Botanic Garden, A	http://digitalbotanicgarden.blogspot.co.uk/
Tech	Digital Geography	http://www.digitalgeography.co.uk/
Tech	Digital Money Forum	http://digitaldebateblogs.typepad.com/digital_money/
Tech	Discovery News	http://discoverynews.wordpress.com/
Tech	Ditch Monkey	http://ditchmonkey.blogspot.com/
Tech	Dizzy Thinks	http://dizzythinks.net/
Tech	Do You Come Here Often?	http://rhodri.livejournal.com/
Tech	Domestic Sluttery	http://www.domesticsluttery.com/
Tech	Domesticali	http://domesticali.typepad.com/
Tech	Dood News, Debt on our Doorstep	http://doodnews.blogspot.com/
Tech	Dr Karen Explores Healthcare in Afghanistan	http://explorerkitteninafghanistan.blogspot.com/
Tech	Dr Myron Evans	http://drmyronevans.wordpress.com/
Tech	Dr Sarah-Louise Quinnell	http://www.sarahlouq.co.uk/
Tech	Duchess of Devonshire's Gossip Guide	http://georgianaduchessofdevonshire.blogspot.co.uk/
Tech	Dyfeisgar: Blog Rhodri ap Dyfrig	http://www.apdyfrig.com/
Tech	EDINA Digimap	http://digimap.blogs.edina.ac.uk/
Tech	East End WI	http://www.eastendwi.blogspot.com/
Tech	Echo Soundings - Sarah Hymas	http://sarahhymas.blogspot.com/
Tech	Eco-congregation (England & Wales)	http://ew.ecocongregation.org/
Tech	Economics Help	http://www.economicshelp.org/
Tech	Economics Interpreted	http://economicsinterpreted.wordpress.com/
Tech	Economics in Action	http://whystudyeconomics.ac.uk/
Tech	Ed Maxfield- Campaign page	http://www.edmaxfield.org.uk/pages/EM4EM.html
Tech	Ed Vaizey - MP for Wantage and Didcot	http://edvaizey.mpblogs.com/
Tech	Egypt Centre, Swansea	http://egyptcentre.blogspot.co.uk/
Tech	Ein Golygfa - Siarad Gyda Cyngor Cefn Gwlad Cymru	http://eingolygfa.co.uk/
Tech	ElBlogador.com - The Voice of Irish Nationalism	http://elblogador.blogspot.com/
Tech	Election Debates	http://electiondebates.wordpress.com/
Tech	ElectionBlog2010.blogspot.com	http://electionblog2010.blogspot.com/
Tech	Elections in the News	http://electionsinthenews.blogspot.com/
Tech	Elin Jones Plaid Cymru Ceredigion (Ymgyrch Elin)	http://ymgyrchelin.blogspot.com/
Tech	Ellee Seymour, ProActive PR	http://elleeseymour.com/
Tech	Energy Balance	http://ergobalance.blogspot.com/
Tech	Essex Voices Past	http://www.essexvoicespast.com/
Tech	EuroPlaid's Twitter	http://twitter.com/EuroPlaid
Tech	Europe Democracy Esperanto (EDE)	http://www.e-d-e.org/?lang=en
Tech	Europhobia	http://europhobia.blogspot.com/2005/07/london-tube-explosions.html
Tech	Existential Ennui	http://existentialennui.blogspot.com/
Tech	Experience Seven: My Very Royal Experience	http://priyamahida.wordpress.com/2012/03/11/experience-seven-my-very-royal-experience/
Tech	Extra extra	http://thiswayplease.com/extra-extra/
Tech	Eyewear	http://toddswift.blogspot.com/
Tech	F-word: Global feminism(s)?	http://www.thefword.org.uk/features/2011/01/global_feminism
Tech	FOI Man	http://www.foiman.com/
Tech	Fabulous Dirt Sisters, The	http://thefabulousdirtsisters.wordpress.com/
Tech	Faith in the Media	http://symonhill.wordpress.com/
Tech	Fan my Flame	http://www.ginaferrari.blogspot.com/
Tech	Farhad Posts	http://farhadneveshteh.persianblog.ir/
Tech	Farting through my Fingertips	http://go-blog-go.blogspot.com/
Tech	Fat of the Land, The	http://queerchub.blogspot.com/
Tech	Felting Needle	http://feltingneedle.blogspot.com/
Tech	Feminist Memory	http://feministmemory.wordpress.com/
Tech	Finance Central	http://financecentraluk.blogspot.com/
Tech	FindTheRats	http://twitter.com/FindTheRats/
Tech	Fitz-Henry Family History and Other Random Stuff	http://fitz-henry.blogspot.com/
Tech	FiveThirtyEight: Statistical report purporting to show rigged Iranian election is flawed	http://www.fivethirtyeight.com/2009/06/statistical-evidence-does-not-prove.html
Tech	Flickr: mousavi1388's photostream	http://www.flickr.com/photos/mousavi1388/
Tech	Floru	http://www.floru.moonfruit.com/
Tech	Flow of Ideas	http://www.flowideas.co.uk/
Tech	Folding Mirror Poetry	http://fmpoetry.wordpress.com/
Tech	Fraise Lachrymose	http://www.fraiselachrymose.blogspot.com/
Tech	Frank Field MP	http://www.frankfield.co.uk/
Tech	Free From (Gluten)	http://www.free-from.com/blog/
Tech	Free Our Data: Make taxpayers' data available to them	http://www.freeourdata.org.uk/
Tech	Freedom of Information Act Blog	http://foia.blogspot.co.uk/
Tech	Freya North	http://freyanorth.com/
Tech	Fuselit's Cut Out & Keep	http://fuselit.blogspot.com/
Tech	Fusion View	http://www.fusionview.co.uk/
Tech	G-A-Y in the Subject Field - Roger N. Taber focuses on his gay-interest poems	http://aspectsofagaymanslifeinverse.blogspot.com/
Tech	Gabriel Hemery	http://gabrielhemery.com/
Tech	Gaian Economics	http://gaianeconomics.blogspot.com/
Tech	Gakuranman - Illuminating Japan	http://gakuranman.com/
Tech	Galaxy Zoo Blog	http://blogs.zooniverse.org/galaxyzoo/
Tech	Gaping Silence, The	http://gapingsilence.wordpress.com/
Tech	Gareth Hughes	http://ogarethhughes.blogspot.com/
Tech	Geeksdigme	http://www.geeksdigme.blogspot.com/
Tech	Gender, sex, race, class - and the sea	http://genderedseas.blogspot.com
Tech	George Osborne [by R. Sobati]	http://www.georgeosborne.com/
Tech	Giles Scott	http://gilesscott.co.uk/
Tech	Global Issues	http://adnan-globalissues.blogspot.com/
Tech	Global Voices: Iran - storm of protest after election	http://globalvoicesonline.org/2009/06/13/iran-storm-of-protest-after-election/
Tech	God and Politics in the UK	http://godandpoliticsuk.org/
Tech	Good Library Guide	http://www.goodlibraryguide.com/
Tech	Gordon Brown [by R. Sobati]	http://www.gordonbrown.com/
Tech	Graham Jones - Internet Psychologist	http://www.grahamjones.co.uk/
Tech	Grangetown Jack	http://grangetownjack.blogspot.com/
Tech	Great War Fiction	http://greatwarfiction.wordpress.com/
Tech	Great Wen, The: A London Blog	http://greatwen.com/
Tech	Green Fiscal Commission Blog	http://gfcblog.wordpress.com/
Tech	Green Reading	http://www.greenreading.blogspot.com/
Tech	Green Ribbon	http://www.tomgriffin.org/
Tech	Greenwich Phantom, The	http://www.thegreenwichphantom.co.uk/
Tech	Gregsworld	http://www.gregrikowski.blogspot.com/
Tech	Grumpy Old Bookman	http://grumpyoldbookman.blogspot.com/
Tech	Guido Fawkes Blog	http://order-order.com/
Tech	Hammorabi	http://hammorabi.blogspot.com/2005/07/terrorist-attacks-on-innocent-people.html
Tech	Harry's Place	http://www.hurryupharry.org/
Tech	Health Matters	http://www.pauldcorrigan.com/Blog/
Tech	Help! I Need a Publisher!	http://helpineedapublisher.blogspot.com/
Tech	Hen Rech Flin	http://henrechflin.blogspot.com/
Tech	Heresy Corner	http://heresycorner.blogspot.com/
Tech	Heresy Corner: Religion	http://heresycorner.blogspot.com/search/label/religion
Tech	Hidayahblog Guide to Combating Swine Flu, The	http://www.hidayahblog.com/index.php/2009/07/20/the-hidayahblog-guide-to-combating-swine-flu/
Tech	High Tea Cast, The	http://www.thehighteacast.co.uk/
Tech	History Faculty, The	http://thehistoryfaculty.blogspot.com/
Tech	History of Feminism Network	http://historyfeminism.wordpress.com/
Tech	HistoryME	http://historyme.wordpress.com/
Tech	Holistic Systems	http://www.holisticsystems.co.uk/
Tech	Home Insurance Guide	http://www.homeinsuranceguide.org.uk/
Tech	House Price Crash	http://www.housepricecrash.co.uk/
Tech	House with No Name - A writers diary of life, teenagers, books and France	http://www.housewithnoname.blogspot.com/
Tech	Huffington Post: Iran Liveblogging	http://www.huffingtonpost.com/tag/iran-liveblogging/
Tech	Human Rights Archaeology - cultural heritage in conflict	http://human-rights-archaeology.blogspot.com/
Tech	Hustings, The	http://www.thehustings.net/
Tech	I Beatrice. The Novel as Blog; an Online Experiment	http://ibeatrice.blogspot.co.uk/
Tech	ICOMOS-UK - international council on monuments & sites uk	http://www.icomos-uk.org/
Tech	IKP's Archive	http://ianpatterson.typepad.com/ikps_archive/
Tech	IT is English Blog - English with an IT focus	http://itisenglish.org/
Tech	Iain Dale for North Norfolk	http://www.iaindale.blogspot.com/
Tech	Iain Dale's Diary	http://iaindale.blogspot.com/
Tech	Ian Snowley's blog	http://snowley.typepad.com/
Tech	Iced Coffee Photoblog	http://www.iced-coffee.com/
Tech	In through the outfield	http://ninfield.wordpress.com/
Tech	In through the outfield: Royal Diamond Jubilee, Olympic and Paralympic souvenirs	http://ninfield.wordpress.com/2012/09/23/royal-diamond-jubilee-olympic-and-paralympic-souvenirs/
Tech	Independence Cymru	http://alanindyfed.blogspot.com/
Tech	Indie Credential, The	http://www.indiecredential.com/
Tech	Information Literacy Weblog	http://information-literacy.blogspot.com/
Tech	Information Research Weblog	http://www.free-conversant.com/irweblog/
Tech	Information Systems in Society	http://robstephens.wordpress.com/
Tech	Informed Comment: Stealing the Iranian election	http://www.juancole.com/2009/06/stealing-iranian-election.html
Tech	Innovating Research!	http://blogs.warwick.ac.uk/lriu/
Tech	Intelligent Measurement	http://intelligentmeasurement.wordpress.com/
Tech	Interns Anonymous	http://internsanonymous.co.uk/
Tech	IsItFair	http://www.isitfair.co.uk/
Tech	It's All About the Adventure - the web log of first time kids' novelist C. G. Allan	http://cgallan.blogspot.com/
Tech	It's Not A Zero Sum Game	http://notazerosumgame.blogspot.com/
Tech	Jane Aspinall	http://www.janeaspinallpoetry.com/
Tech	Jane Brocket	http://yarnstorm.blogs.com/
Tech	Janet Granger's Blog	http://janetgranger.wordpress.com/
Tech	Japanory	http://japanory.typepad.co.uk/
Tech	Jazz Cat	http://www.jazz-cat.com/
Tech	Jess	http://www.jesslaccetti.co.uk/
Tech	Jim Allister	http://www.jimallister.org/
Tech	Jim Allister on Twitter	http://twitter.com/JimAllister
Tech	Joan Moules	http://www.joanmoules.co.uk/
Tech	Joeyanne Libraryanne - Librarianship in the modern age	http://www.joeyanne.co.uk/
Tech	John Baker's Blog	http://johnbakersblog.co.uk/
Tech	John Fitzgerald	http://johnfitzgerald.me.uk/
Tech	John Hemming's Web Log	http://johnhemming.blogspot.com/
Tech	John Redwood	http://www.johnredwoodsdiary.com/
Tech	Jon Worth: European Parliament Elections	http://www.jonworth.eu/tag/european-parliament-elections/
Tech	Jonathan Farrington's Blog for Dedicated Business Professionals	http://www.thejfblogit.co.uk/
Tech	Jonathan Fryer on Twitter	http://twitter.com/jonathanfryer/
Tech	Jonathan Mitchell QC	http://www.jonathanmitchell.info/
Tech	Jonny Baker Blog	http://jonnybaker.blogs.com/
Tech	JonnyB's Private Secret Diary	http://www.privatesecretdiary.com/
Tech	Joseph Healy for Vauxhall MP	http://greenmpforvauxhall.blogspot.com/
Tech	Judith Blake, Labour Parliamentary Candidate, Leeds North West	http://www.20six.co.uk/leedsnwblog/
Tech	Julian Baggini	http://julianbaggini.blogspot.com/
Tech	Julien Frisch - Watching Europe	http://julienfrisch.blogspot.com/
Tech	June42	http://www.june42.blogspot.com/
Tech	Just Plain Sense	http://blog.plain-sense.co.uk/
Tech	Justgiving Blog, The	http://blog.justgiving.com/
Tech	KNIFEPAINTER	http://knifepainter.blogspot.com/
Tech	Karen Blakeman's Blog	http://www.rba.co.uk/wordpress/
Tech	Katie Caldesi	http://www.katiecaldesi.com/
Tech	Keith Nevols PPC	http://keithnevols.blogspot.com/
Tech	Ken's Blue Blog	http://www.kenfrostblueblog.blogspot.com/
Tech	KenFrost.com	http://www.kenfrost.com/
Tech	KenFrost.com: The Olympics	http://the2012olympicgames.blogspot.co.uk/
Tech	Kerron Cross - the voice of the delectable left	http://kerroncross.blogspot.com/
Tech	Kings Cross Environment	http://www.kingscrossenvironment.com/
Tech	Knitting A Year In My Life & Other Adventures	http://knitayear.wordpress.com/
Tech	Knowledge Blog	http://knowledgeblog.org/
Tech	Krishna Dharma - Ancient Wisdom for Contemporary Seekers	http://krishnadharma.com/blog/
Tech	Kurdish Blog	http://eastkurd.blog.co.uk/
Tech	Kyffin Blog	Blog Kyffin
Tech	Labour Movement for Europe (LME), London & The South East Branch	http://www.lme-lse.org.uk/
Tech	LabourList.org	http://www.labourlist.org/
Tech	Labourhome	http://labourhome.org/
Tech	Last Ditch, The	http://lastditch.typepad.com/
Tech	Laura Robson Fans	http://www.laurarobsonfans.co.uk/
Tech	Laurelin in the Rain	http://laurelin.wordpress.com/
Tech	Leaders We Deserve	http://leaderswedeserve.wordpress.com/
Tech	Leanne Wood	http://leannewoodamac.blogspot.com/
Tech	Lesbian Gay Bisexual Transgender (LGBT) History Month	http://www.lgbthistorymonth.org.uk/
Tech	Letters to Ed	http://letterstoed.wordpress.com/
Tech	Lewis & Jo's Trip!	http://lewisandjo.blogspot.com/
Tech	Libcom.org	http://libcom.org/
Tech	Liberal Conspirary	http://liberalconspiracy.org/
Tech	Liberal Democrat Loughborough Blog	http://libdemlboro.wordpress.com/
Tech	Liberal Democrat Voice	http://www.libdemvoice.org/
Tech	Liberal England	http://liberalengland.blogspot.com/
Tech	Liberal Goes A Long Way, A	http://oxfordliberal.blogspot.com/
Tech	Libertas East Midlands	http://libertas-em.blogspot.com/
Tech	Literary Places	http://www.literaryplaces.co.uk/
Tech	Litro Online	http://www.litro.co.uk/
Tech	Little Bones	http://miriam-littlebones.blogspot.co.uk/
Tech	Little's Log	http://www.antonylittle.blogspot.com/
Tech	Living with Geographers	http://livingwithgeographers.blogspot.com/
Tech	LizzieSiddal.com - Elizabeth Eleanor Siddal	http://www.lizziesiddal.com/
Tech	Lizzy's Literary Life	http://lizzysiddal.wordpress.com/
Tech	Llanteg Community Association	http://www.llantegcommunityassociation.blogspot.com/
Tech	Llanteg History Society	http://llanteghistorysociety.blogspot.com/
Tech	Llanteg Village Hall	http://www.llanteghall.blogspot.com/
Tech	London Olympics 2012 blog	http://londonolympicgames.blogspot.com/
Tech	London Reconnections	http://londonreconnections.blogspot.com/
Tech	London Review of Breakfasts	http://londonreviewofbreakfasts.blogspot.com/
Tech	London School of Economics and Political Science (LSE): Election Experts blog	http://blogs.lse.ac.uk/election/
Tech	London Socialist Historians Group (LSHG)	http://www.londonsocialisthistorians.blogspot.co.uk/
Tech	London Word Festival	http://www.londonwordfestival.com/
Tech	London and NUUK	http://www.londonandnuuk.blogspot.com/
Tech	Londonist: Olympic News Round-Up	http://londonist.com/2008/01/olympic_news_ro.php
Tech	Lord Belmont In Northern Ireland	http://lordbelmontinnorthernireland.blogspot.com/
Tech	Low-Tide Lottery	http://www.clairetrevien.co.uk/
Tech	Lynn Forest-Hill - Early Drama and Medievalism	http://lfhdramandmedievalism.blogspot.co.uk/
Tech	Lyre, The - British poetry news	http://thelyreonline.blogspot.com/
Tech	ME and Ophelia	http://meandophelia.blogspot.com/
Tech	Magpie Files, The	http://magpiefiles.blogspot.com/
Tech	Make My Vote Count	http://www.makemyvotecount.org.uk/
Tech	Mapperz - The Mapping News Blog	http://mapperz.blogspot.com/
Tech	Mapping Petersburg	http://www.mappingpetersburg.org/
Tech	Marilyn Stowe Blog	http://www.marilynstowe.co.uk/
Tech	Mark Pitman	Welsh football journalist and blogger
Tech	Marketing Unleashed	http://www.garybembridge.com/
Tech	Mary Tracy's blog	http://marytracy.blogspot.com/
Tech	Mass Observation: The Diamond Jubilee	http://mass-observation.blogspot.com/
Tech	Matchbox Rizla Drawings	http://matchboxrizla.blogspot.co.uk/
Tech	Mayor of Hertford - The blog of the Mayor of Hertford	http://mayorofhertford.com/
Tech	Mayor of London blog	http://www.mayor-of-london.co.uk/
Tech	Megalithic Portal	http://www.megalithic.co.uk/
Tech	Meisai - Lee Basford	http://www.meisai.co.uk/
Tech	Memex 1.1 - John Naughton's online diary	http://memex.naughtons.org/
Tech	Memorable Fancy - Nora Daly & Stephen McGregor get wed	http://anidealdubsband.blogspot.com/
Tech	Metroblogging London	http://london.metblogs.com/
Tech	Michelle Styles - Blog	http://michellestyles.blogspot.co.uk/
Tech	MicrobiologyBytes	http://www.microbiologybytes.com/
Tech	MicrobiologyBytes: 10 Things you should know about swine flu	http://www.microbiologybytes.com/blog/2009/04/25/10-things-you-should-know-about-swine-flu/
Tech	Mike Dolley	http://www.mikedolley.com/
Tech	Mike Priestley	http://mikepriestley.blogspot.com/
Tech	Mind and Soul	http://www.mindandsoul.info/
Tech	Miserable Old Fart	http://miserableoldfart.blogspot.com/
Tech	Miss Thrifty	http://www.miss-thrifty.co.uk/
Tech	Modern Marketing	http://www.collaboratemarketing.com/
Tech	Modern Theatre Blog: The Peggy Ramsay and Harold Pinter Archives	http://britishlibrary.typepad.co.uk/pinter_archive_blog/
Tech	Money Watch - UK personal finance blog	http://money-watch.co.uk/
Tech	Money is the Way	http://moneyistheway.blogspot.co.uk/
Tech	More Stupid Than the Others	http://laralu.wordpress.com/
Tech	Morfablog	http://morfablog.com/
Tech	Multimedia Information Technology Group	http://mmitblog.wordpress.com/
Tech	Murray-Rust Group Blogs - Unilever Centre for Molecular Informatics, Cambridge	http://wwmm.ch.cam.ac.uk/blogs/
Tech	Museum Ethnographer's Group Blog, The	http://museumethnographersgroup.blogspot.co.uk/
Tech	My Boyfriend is a Twat	http://www.myboyfriendisatwat.com/
Tech	My Delayed Reactions	http://mydelayedreactions.blogspot.com/
Tech	My Labour Posters	http://mylabourposter.typepad.com/
Tech	My Next One Will Be Better	http://www.andycoughlan.co.uk/
Tech	My Notebook	http://monicagermana.wordpress.com/
Tech	NHS Blog Doctor	http://nhsblogdoc.blogspot.com/
Tech	Nail Your Novel	http://nailyournovel.wordpress.com/
Tech	Nancy Campbell	http://www.nancycampbell.co.uk/
Tech	National Union of Women Teachers	http://nuwtarchiveioe.wordpress.com/
Tech	Nayler - The living spirit	http://www.nayler.org/
Tech	Neighbourhoods	http://neighbourhoods.typepad.com/
Tech	Nelly's Garden	http://nellysgarden.blogspot.com/
Tech	Net Verse	http://www.hphoward.demon.co.uk/netverse/
Tech	Networked Culture	http://reinikainen.co.uk/
Tech	Networked Researcher - Supporting and Promoting Social Media for Research & Researcher Development	http://www.networkedresearcher.co.uk/
Tech	NevilleHobson.com	http://www.nevillehobson.com/
Tech	New Journalism Review	http://srh.typepad.com/
Tech	Next Left	http://www.nextleft.org/
Tech	Nick Bourne	http://nickbourneam.blogspot.com/
Tech	Nigeness	http://nigeness.blogspot.com/
Tech	No Rock and Roll Fun	http://xrrf.blogspot.com/
Tech	Normblog	http://normblog.typepad.com/normblog/
Tech	Northern Bank - War Memorials / Roll of Honour	http://northernbankwarmemorials.blogspot.co.uk/
Tech	Not All About Boys	http://notallaboutboys.weebly.com/
Tech	Not Your Friend	http://nyfblog.blogspot.com/
Tech	Obesity Timebomb	http://www.obesitytimebomb.blogspot.com/
Tech	Ochre House - Recruitment Process Outsourcing Company	http://www.ochrehouse.com/
Tech	OfficerOnline	http://www.officeronline.co.uk/
Tech	Olympic Park 2012	http://olympicpark2012.com/blog/
Tech	One Day in History	http://www.historymatters.org.uk/output/Page96.asp
Tech	One Year Floods Rose, Tomas Weber	http://oneyearfloodsrose.blogspot.com/
Tech	Open Dialogues Blog	http://www.open-dialogues.blogspot.com/
Tech	Open Rights Group, The	http://www.openrightsgroup.org/
Tech	Open and Shut?	http://poynder.blogspot.co.uk/
Tech	Orange and Cyan Arts (Ian Abbott and Tracey McGarrigan)	http://www.orangeandcyanarts.blogspot.com/
Tech	Organising Busy Lives	http://www.organisingbusylives.co.uk/
Tech	Original Sims, The	http://davidsims.blogsome.com/
Tech	Other Things - more new media, design and literature	http://www.tomabba.com/otherthings/
Tech	Owen Abroad	http://www.owen.org/
Tech	P. Viktor	http://pviktor.co.uk/
Tech	PES Campaign Blog	http://elections2009.pes.org/
Tech	Pages - Robert Sheppard	http://www.robertsheppard.blogspot.com/
Tech	Pandemian	http://www.pandemian.com/
Tech	Parliament and Women in the early 20th century	http://parliamentandwomen.wordpress.com/
Tech	Patients Know Best	http://www.patientsknowbest.com/
Tech	Patricia Debney	http://patriciadebney.wordpress.com/
Tech	Paul Linford	http://paullinford.blogspot.com/
Tech	Paul Miller	http://www.paulmiller.org/
Tech	Paul Stubbs	http://paulstubbspoet.wordpress.com/
Tech	Peace Peaces	http://peacepeaces.blogspot.com/
Tech	Pendroni	http://heleddfychan.blogspot.com/
Tech	Penguin Blog, The	http://thepenguinblog.typepad.com/
Tech	Penny Broadhurst	http://www.pennybroadhurst.com/
Tech	Pequod, The	http://www.thepequod.org.uk/
Tech	Peregrine's Bird Blog	http://www.peregrinesbirdblog.blogspot.com/
Tech	Perpetua - Ronald Searle Tribute	http://ronaldsearle.blogspot.com/
Tech	Peter Chasseaud Artist and Writer	http://peterchasseaud.blogspot.co.uk/
Tech	Petrol Prices	http://www.petrolprices.com/
Tech	Pfff - A response to anything negative	http://www.pfff.co.uk/weblog/archives/2005/07/surviving_a_ter_1.html
Tech	PhDiva	http://www.phdiva.blogspot.com/ 
Tech	PharmaGossip	http://pharmagossip.blogspot.com/
Tech	Philobiblon	http://philobiblon.co.uk/
Tech	Photography Without Borders	http://photographywithoutborders.org/
Tech	Pickled Politics	http://www.pickledpolitics.com/
Tech	Pink Tape	http://pinktape.co.uk/
Tech	Pippa Norris's Weblog	http://pippanorris.typepad.com/
Tech	Plaid and Uncut	http://plaidanduncut.blogspot.com/
Tech	Poems for Sale	http://chris-mccabe.blogspot.co.uk/
Tech	Poet's Blog, A - Roger N. Taber shares his thoughts and poems	http://rogertab.blogspot.com/
Tech	PoetCasting	http://www.poetcasting.co.uk/
Tech	Poets in a Lens by Jeremy James	http://poetsinalens.blogspot.com/
Tech	Policy Critical - IPPR Election 2010 Blog	http://ippr-policycritical.blogspot.com/
Tech	Political Scrapbook	http://politicalscrapbook.net/
Tech	Pomeroy Family History Blog	http://blog.pomeroyfamilyhistory.com/
Tech	Poms Ashes, A	http://apomsashes.com/
Tech	Post Political Times	http://www.richardallan.org.uk/
Tech	Post-Apocalyptic Book Club	http://post-apocalypticbookclub.co.uk/
Tech	Power to the People	http://www.power-to-the-people.co.uk/
Tech	Prescribing Advice for GPs: Swine Flu	http://www.prescriber.org.uk/2009/04/swine-flu/
Tech	Property Lowdown, The	http://www.thepropertylowdown.com/
Tech	Public Relations Consultant Blog	http://www.pr-consultant.co.uk/
Tech	Puffin Blog, The	http://www.thepuffinblog.typepad.com/
Tech	Purple Missus	http://purplemissus.blogspot.co.uk/
Tech	Pursuits of a KC Blogger	http://thekcblogger.blogspot.com/
Tech	Quacking Plums	http://quacking-plums.blogspot.co.uk/
Tech	Quaerentia	http://markmeynell.wordpress.com/
Tech	Quaker Street	http://quakerstreet.blogspot.com/
Tech	Quakernomics Blog	http://www.quakerweb.org.uk/blog/
Tech	Quakers at COP (Copenhagen Climate Change Conference)	http://quakersatcop.blogspot.com/
Tech	Quilt while you're ahead	http://www.quiltwhileyoureahead.typepad.com/
Tech	ROOF magazine - Shelter's housing magazine	http://www.roofmag.org.uk/
Tech	Rachel Elnaugh Entrepreneur	http://racheleelnaugh.blogspot.com/
Tech	Rachel from North London	http://rachelnorthlondon.blogspot.com/
Tech	Ramblings of a Remote Worker	http://remoteworker.wordpress.com/
Tech	Random Acts of Reality - Trying to kill as few people as possible	http://randomreality.blogware.com/
Tech	Rapid Business Improvement - tools for consultants (consulting)	http://rapidbi.blogspot.com/
Tech	Rapid Business Improvement blog	http://rapidbusinessimprovement.blogspot.com/
Tech	Reactive Chemistry Blog	http://www.reactivereports.com/
Tech	RecessMonkey	http://www.recessmonkeytown.com/
Tech	Reclamation and Representation - the boundaries of the literary archive	http://reclamationandrepresentation.blogspot.com/
Tech	Redundancy UK Blog, The	http://www.redundancyuk.co.uk/
Tech	Repossession SOS	http://www.repossessionsos.com/
Tech	Researchers & the UK Web Archive	http://britishlibrary.typepad.co.uk/webarchive/
Tech	Revolutionary Road	http://shooresh1917.blogspot.com/
Tech	Richard Corbett MEP	http://www.richardcorbett.org.uk/
Tech	Road to 2012	http://roadto2012.wordpress.com/
Tech	Rob Pepper's Daily Drawing Diary	http://www.dailydrawingdiary.com/
Tech	Robert Stephen Hawker: His life and writings	http://www.robertstephenhawker.co.uk/
Tech	Roisin Tierney	http://roisintierney.blogspot.co.uk/
Tech	Romesh Gunesekera	http://romeshg2.wordpress.com/
Tech	Rosemary Sutcliff	http://rosemarysutcliff.wordpress.com/
Tech	Rubbish Diet, The	http://www.therubbishdiet.blogspot.co.uk/
Tech	Rugby Blog, The	http://www.therugbyblog.co.uk/
Tech	Rus in Urbis	http://www.rusinurbis.com/
Tech	Ruth Rikowski News Updates Progression	http://ruthrikowskiupdates.blogspot.com/
Tech	SAGE Insight	http://sageinsight.wordpress.com/
Tech	SAS Open Journals	http://www.sasopenjournals.blogspot.com/
Tech	SAS-Space	http://sas-space.blogspot.com/
Tech	SKWALKER1964	http://skwalker1964.wordpress.com/
Tech	Same Old Tories	http://sameoldtories.co.uk/
Tech	Sarah J Young	http://sarahjyoung.com/
Tech	Sarah Salway - Writer, Coach and Workshop facilitator	http://www.sarahsalway.net/
Tech	Savidge Reads	http://savidgereads.wordpress.com/
Tech	Scaryduck	http://scaryduck.blogspot.co.uk/
Tech	School for Social Entrepreneurs	http://www.sse.org.uk/
Tech	Schools Out	http://www.schools-out.org.uk/
Tech	Science Vote	http://blog.sciencecampaign.org.uk/
Tech	Science of the Invisible	http://scienceoftheinvisible.blogspot.com/
Tech	Sciencebase	http://www.sciencebase.com/
Tech	Sciencetext	http://www.sciencetext.com/
Tech	Scriptwriting & Script Reading in the UK	http://www.dannystack.blogspot.com/
Tech	Secret Lives of Objects	http://secretlivesofobjects.blogspot.co.uk/
Tech	Sendai Ben	http://sendaiben.org/
Tech	Seniors Network	http://www.seniorsnetwork.co.uk/
Tech	Sessions of York	http://www.sessionsofyork.co.uk/
Tech	Shakespeare blog, The	http://theshakespeareblog.com/
Tech	Shan Oakes - your candidate for Europe	http://shanoakes.blogspot.com/
Tech	Sharne's Bits 'N' Bobs	http://sharnesbitsnbobs.blogspot.co.uk/
Tech	Sharpener	http://www.thesharpener.net/
Tech	Shedworking - A lifestyle guide for shedworkers	http://www.shedworking.co.uk/
Tech	Sheepdrove Organic Farm	http://www.sheepdrove.com/
Tech	Sheffield Quakers Blog	http://sheffieldquakers.blogspot.co.uk/
Tech	Shoo Rayner	http://www.shoorayner.co.uk/
Tech	Shrub & The Spesh's World Tour of London	http://worldtouroflondon.blogspot.com/
Tech	Sick City Project	http://sickcityproject.wordpress.com/
Tech	Silent Blog	http://lauraxpeace.livejournal.com/
Tech	Simon Elliston Ball	http://www.simonellistonball.com/
Tech	Singing Campfire Songs with Mr Spock	http://christianwritespoetry.blogspot.co.uk/
Tech	Skyliner	http://theskyliner.org/
Tech	Slavery and Revolution - Jamaica and Slavery in the Age of Revolution	http://blog.soton.ac.uk/slaveryandrevolution/
Tech	Slugger O'Toole	http://www.sluggerotoole.com/
Tech	Small Business Blog, The	http://www.sme-blog.com/
Tech	Small Creative Ideas	http://smallcreativeideas.blogspot.com/
Tech	Small Places, The	http://thesmallplaces.blogspot.com/
Tech	SmallBizPod - inspiration for entrepreneurs	http://www.smallbizpod.co.uk/
Tech	Smokewriting	http://www.smokewriting.co.uk/
Tech	Snowblog	http://www.snowbooks.com/weblog/
Tech	Social Business Blog, The	http://www.thesocialbusiness.co.uk/blog/
Tech	Socialist Unity	http://www.socialistunity.com/
Tech	Sockburn Hall Project	http://sockburn.blogspot.com/
Tech	Sonofabook	http://sonofabook.blogspot.com/
Tech	South-East Asia earthquake and tsunami blog	http://www.tsunamihelp.blogspot.com/
Tech	Spagphacious Aeolotony	http://spagphaciousaeolotony.blogspot.com/
Tech	Spectacle Blog, The - Olympics 2012	http://www.spectacle.co.uk/spectacleblog/category/olympics-2012/
Tech	Spitafields Life	http://spitalfieldslife.com/
Tech	Sport Wales Blog	http://sport-wales.blogspot.co.uk/
Tech	St James War Memorial Project, The	http://thewarmemorial.blogspot.co.uk/
Tech	St Pixels	http://www.stpixels.com/
Tech	Stay at home dad	http://wwwstayathomedad.blogspot.com/
Tech	Steven Agnew European Election Blog	http://wordpress.stevenagnew.eu/
Tech	Stitch London (formerly Stitch and Bitch London)	http://www.stitchandbitchlondon.co.uk/
Tech	Stool Pigeon Music Newspaper, The	http://www.thestoolpigeon.co.uk/
Tech	Stop Norwich Urbanisation Blog	http://snubcampaign.blogspot.com/
Tech	Stories from the Garden	http://writerinthegarden.com/
Tech	Storm in a Teacup London	http://joinourteaparty.wordpress.com/
Tech	Strength Weekly - my place by David Gale	http://www.strengthweekly.com/
Tech	Stroppy Author's Guide to Publishing	http://stroppyauthor.blogspot.com/
Tech	Studio 5 Book Arts	http://www.studio5bookbindingandarts.blogspot.co.uk/
Tech	Stumbling Blocks to Stepping Stones	http://stumblingstepping.blogspot.com/
Tech	Stumbling and Mumbling	http://stumblingandmumbling.typepad.com/
Tech	Style Bubble	http://www.stylebubble.co.uk/
Tech	Subatomic Poetry	http://subatomicpoetry.blogspot.co.uk/
Tech	Sudan Watch	http://sudanwatch.blogspot.co.uk/
Tech	Sue Thomas	http://lifestylesinvirtuality.typepad.com/
Tech	Sue Wilkes	http://suewilkes.blogspot.com/
Tech	Sunny Dunny's (New) Blog	http://sunnydunny.wordpress.com/
Tech	Syniadau : : The Blog	http://syniadau--buildinganindependentwales.blogspot.com/
Tech	Tales from the Reading Room	http://litlove.wordpress.com/
Tech	Talking Plants	http://talkingplants.blogspot.co.uk/
Tech	Tax Justice Blog	http://taxjustice.blogspot.co.uk/
Tech	Tax Research UK - Richard Murphy on tax and corporate accountability	http://www.taxresearch.org.uk/Blog/
Tech	TaxPayers' Alliance, The (TPA): New YouGov poll launches TPA/Global Vision EU campaign	http://www.taxpayersalliance.com/campaign/2009/01/-new-yougov-poll-launches-tpaglobal-vision-eu-campaign-overwhelming-public-demand-for-radical-change.html
Tech	Tea With Me	http://www.teawith.me.uk/
Tech	Teapots Teapots Teapots	http://teapotsteapotsteapots.blogspot.com/
Tech	Tehran Bureau: Iran updates	http://tehranbureau.com/iran-updates/
Tech	Tehran24	http://tehranlive.org/
Tech	Th!nk About It	http://www.thinkaboutit.eu/
Tech	The Welsh View	The blog of the Countryside Council for Wales
Tech	Theatre Archive Project - The British Library,  University of Sheffield and AHRC	http://theatrearchive.typepad.com/
Tech	Theology and the Arts in Britain Since 1945	http://theology-arts-uk.blogspot.com/
Tech	Things I See When I Go Running	http://eastofstepford.blogspot.com/
Tech	Thinking Anglicans	http://www.thinkinganglicans.org.uk/
Tech	Thirsty for Freedom	http://teshnehazadi.persianblog.ir/
Tech	This Is Not A Gateway (TINAG)	http://thisisnotagateway.squarespace.com/
Tech	This is Money: Credit Crunch	http://www.thisismoney.co.uk/credit-crunch/
Tech	Thompson's Bank of Communicable Desire	http://beescope.blogspot.com/
Tech	Though Cowards Flinch	http://thoughcowardsflinch.com/
Tech	Tiger Two Tiger - the online reputation management blog of Tiger Two	http://www.tigertwotiger.co.uk/
Tech	Tim Dobson	http://blog.tdobson.net/
Tech	Tim Worstall Tabloid Edition	http://timworstall.typepad.com/timworstall/
Tech	Times Online Blogs	http://www.timesonline.co.uk/tol/comment/blogs/
Tech	Tinbasher	http://www.butlersheetmetal.com/tinbasherblog/
Tech	To the Point: Manifesto 2010	http://tothepointmanifesto.com/manifesto-2010/
Tech	ToUChstone Blog	http://touchstoneblog.org.uk/
Tech	Tom Paine Printing Press	http://tompainepress.blogspot.com/
Tech	Tombstoning.com	http://tombstoning.com/
Tech	Tony Lopez	http://t-lopez.blogspot.com/
Tech	TopOfTheCops.com	http://topofthecops.com/
Tech	lifestyle Insurance Guide	http://www.lifestyleinsuranceguide.org.uk/
Tech	lifestyles Around My Kitchen	http://lifestylesaroundmykitchen.wordpress.com/
Tech	Tudor Stuff	http://tudorstuff.wordpress.com/
Tech	Twazzup Twitter search: Iran Unrest	http://iran.twazzup.com/
Tech	Tweetscan: Iran	http://www.tweetscan.com/index.php?s=iran&site
Tech	Typefoundry - Documents for the History of Type and Letterforms	http://typefoundry.blogspot.co.uk/
Tech	UK Human Rights Blog	http://ukhumanrightsblog.com/
Tech	UK Human Rights Blog: Art. 9 Thought/Conscience/Religion Category	http://ukhumanrightsblog.com/category/convention-rights/art-9-thoughtconsciencereligion/
Tech	UK Polling Report	http://www.ukpollingreport.co.uk/
Tech	UK Stock Market Almanac	http://finance-almanac.blogspot.com/
Tech	UK Web Focus	http://ukwebfocus.wordpress.com/
Tech	UK Youth Parliament Forums: Swine Flu	http://www.ukypforums.org.uk/showthread.php?t=3054/
Tech	Ukfragen's Blog	http://ukfragen.wordpress.com/
Tech	Un-Made-Up	http://unmadeup.com/
Tech	Under the Green Hill	http://underthegreenhill.blogspot.com/
Tech	Unofficial London Olympics 2012 forum	http://www.the2012londonolympics.com/
Tech	VentnorBlog - Isle of Wight News	http://ventnorblog.com/
Tech	Virtual Economics	http://virtualeconomics.typepad.com/
Tech	Voyages autour de ma chambre	http://voyagesenlit.wordpress.com/
Tech	WH Marks Sattin Job Doctor	http://markssattin.blogspot.com/
Tech	WHELF Blog	http://whelf.wordpress.com/
Tech	WW1: Experiences of an English Soldier	http://wwar1.blogspot.com/
Tech	War Poetry	http://war-poets.blogspot.com/
Tech	Warriorwomen Running Blog	http://www.warriorwomen.co.uk/
Tech	Warwick Blogs: Anna's Blog	http://blogs.warwick.ac.uk/annawormleighton/
Tech	Watercress Wildlife Association	http://www.watercresslnr.org.uk/
Tech	Waving and Drowning	http://wavingdrowning.wordpress.com/
Tech	Wears The Trousers	http://wearsthetrousers.com/
Tech	Web Innovation Project	http://blogs.exeter.ac.uk/wip/
Tech	Website and Blog of Mark Beech	Archived posts from 2005 to 2010
Tech	Wellcome Library Blog	http://wellcomelibrary.blogspot.com/
Tech	Welsh Food Bites	http://www.welshfoodbites.co.uk/
Tech	Welsh Ramblings	http://welshramblings.blogspot.com/
Tech	When the Belfast Child Sins Again	http://whenthebelfastchildsinsagain.blogspot.com/
Tech	Whittaker Live	http://whittakerlive.blogspot.com/
Tech	Will the Credit Crunch Lay London Low?	http://ipezone.blogspot.com/2008/10/will-credit-crunch-lay-london-low.html
Tech	William Heath's Blog	http://williamheath.net/
Tech	William Watkin's Blog	http://williamwatkin.blogspot.com/
Tech	Wind of Change	http://www.lenchwind.blogspot.com/
Tech	Wishful Thinking - inspiring creative professionals	http://www.wishfulthinking.co.uk/
Tech	Witty's Blog: British Museum	http://www.wittylama.com/category/museums/british-museum/
Tech	Women in Games Blog	http://womeningames.wordpress.com/
Tech	Women's History Month	http://womenshistorymonth.wordpress.com/
Tech	Women's History Network Blog	http://whn.jones5publishing.co.uk/blogs/
Tech	Words in Company	http://wordsincompany.wordpress.com/
Tech	Write Here, Write Now	http://www.bang2write.com/
Tech	Writing and the Digital Life	http://www.hum.dmu.ac.uk/blogs/wdl/
Tech	XKCD: Twitter is great for watching uninformed panics unfold live	http://xkcd.com/574/
Tech	Xiaoyu's Blog	http://blog.sina.com.cn/hhockx/
Tech	Y Gwleidydd	http://gwleidydd.blogspot.com/
Tech	Yearly Meeting Blog	http://www.bymblog.org.uk/
Tech	Yes 2 Women Bishops	http://yes2womenbishops.blogspot.co.uk/
Tech	Yorkshire Ranter, The	http://yorkshire-ranter.blogspot.com/
Tech	Zehra in Gloucestershire	http://zehraingloucestershire.blogspot.com/
Tech	broadstuff: Mexican Swine Flu pandemic breaks out on Twitter	http://www.broadstuff.com/archives/1672-Mexican-Swine-Flu-pandemic-breaks-out-on-Twitter.html
Tech	carnival of feminists, The	http://feministcarnival.blogspot.com/
Tech	criticalthinking	http://didgahenteghadi.persianblog.ir/
Tech	cyclechic.co.uk - the modern woman's guide to cycling	http://www.cyclechic.co.uk/
Tech	davesdistrictblog	http://davesdistrictblog.blogspot.com/
Tech	diamond geezer	http://diamondgeezer.blogspot.com/
Tech	digital-citizen.co.uk	http://digital-citizen.co.uk/
Tech	dovegreyreader scribbles	http://dovegreyreader.typepad.com/
Tech	eChurchWebsites: Church downplays swine flu worry advice	http://blog.echurchwebsites.org.uk/2009/07/20/church-downplays-flu-worry-advice/
Tech	eFoundations	http://efoundations.typepad.com/
Tech	feeling listlesss	http://feelinglistless.blogspot.co.uk/
Tech	filter^, The	http://thefilter.blogs.com/
Tech	funkypancake	http://www.funkypancake.com/blog/
Tech	gary's choices	http://garysick.tumblr.com/
Tech	gotateenager.org.uk	http://www.gotateenager.org.uk/
Tech	iblog	http://www.iblog.co.uk/
Tech	icoot	http://icoot.com/
Tech	innocent drinks - a blog about our smoothies and some other stuff	http://innocentdrinks.typepad.com/
Tech	jazz composer, the	http://www.thejazzcomposer.com/
Tech	just-auto Blog	http://www.just-auto.com/blogs.aspx
Tech	just-drinks	http://www.just-drinks.com/
Tech	just-food Blog	http://www.just-food.com/blogs.aspx
Tech	just-style Blog	http://www.just-style.com/blogs.aspx
Tech	little.red.boat	http://littleredboat.co.uk/
Tech	markvernon.com	http://www.markvernon.com/
Tech	mirtweets's Twitter	http://twitter.com/mirtweets/
Tech	moichido.blogspot.com	http://moichido.blogspot.com/
Tech	needled	http://textisles.com/
Tech	niacINsight - Beltway insights for the Iranian-American community	http://niacblog.wordpress.com/
Tech	notowar - Cynthia Cockburn's Weblog	http://www.cynthiacockburn.org/
Tech	onionbagblog	http://onionbagblog.com/
Tech	oxfordgirl's Twitter	http://twitter.com/oxfordgirl/
Tech	persiankiwi's Twitter	http://twitter.com/persiankiwi/
Tech	petite anglaise	http://www.petiteanglaise.com/
Tech	politicalbetting.com	http://politicalbetting.com/
Tech	poons	http://howlingspoons.blogspot.com/
Tech	qwghlm.co.uk	http://www.qwghlm.co.uk/
Tech	rhysllwyd.com	http://blog.rhysllwyd.com/
Tech	sight of morning, the	http://thesightofmorning.blogspot.com/
Tech	stopahmadi's Twitter	http://twitter.com/stopahmadi/
Tech	thenextwave	http://thenextwavefutures.wordpress.com/
Tech	wait til i tell ye	http://waittillitellye.blogspot.com/
Tech	www.jeremyfrench.co.uk	http://www.jeremyfrench.co.uk/
